{"extent":[576551.1954449099,5667450.411567883,1300927.6096102786,6160637.315193227],"width":233,"height":347}